Radius;Image82;Image83;Image84;Image85;Image86;Image87;Image88;Image89;Image90;Image91;Image92;Image93;Image94;Image95;Image96;Image97;Image98;Image99;Image100;Image101
10;7;8;3;2;9;3;6;13;1;7;1;10;3;2;3;2;4;6;4;13
11;10;7;10;3;10;5;9;11;2;7;2;9;6;7;1;4;5;6;4;13
12;12;11;5;2;7;4;4;12;5;6;3;6;10;7;1;2;6;13;10;10
13;12;6;7;2;8;5;8;15;8;6;4;12;12;9;1;3;6;17;6;12
14;8;6;6;8;8;6;9;15;6;8;3;16;7;7;1;2;7;21;7;16
15;8;10;4;8;7;6;8;19;11;8;3;9;11;9;2;3;10;20;9;15
16;12;12;5;4;11;8;18;18;11;6;5;17;11;15;4;3;6;23;15;11
17;14;17;10;3;10;10;13;22;12;7;13;13;12;13;8;6;6;23;12;16
18;10;10;10;4;12;7;17;16;7;5;15;11;12;8;6;5;7;21;12;16
19;16;12;7;5;12;8;19;16;10;4;17;12;13;4;9;10;12;25;18;17
20;14;8;8;5;12;10;20;16;7;6;21;10;10;8;14;9;8;23;22;21
21;22;10;7;4;18;8;14;18;8;5;17;11;12;13;14;10;11;28;21;25
22;23;10;11;4;10;8;15;13;7;8;16;12;13;11;26;12;11;31;20;27
23;27;10;7;6;9;5;13;19;8;7;16;16;14;12;32;13;10;31;19;26
24;24;11;11;5;15;4;19;15;4;7;13;25;10;9;40;18;13;30;18;22
25;27;8;13;6;15;9;23;16;9;7;16;21;12;10;31;15;6;30;16;25
26;27;10;10;6;13;11;26;20;10;7;20;20;12;8;35;11;6;33;17;25
27;25;7;9;8;15;7;14;9;12;7;17;16;12;9;32;10;6;30;19;22
28;35;9;16;10;7;8;11;10;9;8;16;19;12;10;32;8;11;32;21;21
29;28;8;11;8;13;9;12;10;8;8;9;13;11;7;22;7;14;29;17;20
30;27;10;16;13;7;9;5;8;9;8;10;14;16;5;27;10;12;27;13;21
31;25;13;11;7;7;10;8;14;12;6;10;12;17;6;22;9;12;28;12;21
32;24;12;11;8;9;9;4;11;8;6;5;13;14;7;24;13;15;18;16;25
33;27;13;11;7;14;10;5;11;8;5;7;14;11;13;34;11;18;17;11;26
34;25;12;14;7;8;4;8;13;9;6;5;14;10;7;23;11;16;16;7;24
35;22;9;10;8;10;6;5;13;7;8;8;17;10;6;20;10;16;18;17;26
36;21;8;7;9;10;4;5;9;7;8;6;18;8;4;23;11;17;21;13;22
37;18;9;8;9;10;5;8;9;6;10;5;15;7;6;28;16;16;19;10;23
38;15;9;7;6;8;6;9;8;11;8;8;15;7;4;23;15;14;20;8;18
39;15;8;8;12;11;7;12;11;11;7;5;14;5;4;28;13;14;14;8;22
40;9;9;8;8;8;8;12;10;9;7;5;20;7;6;21;14;18;12;9;22
41;7;9;9;7;11;7;6;8;10;7;6;22;5;4;27;15;22;14;10;20
42;7;16;9;7;9;6;6;11;11;9;8;16;5;5;21;14;16;12;6;25
43;6;15;8;8;13;6;2;9;8;13;7;18;5;5;26;11;17;11;9;18
44;10;11;8;11;9;5;3;8;12;11;7;17;10;10;28;16;17;7;9;20
45;5;13;8;7;5;4;6;11;11;14;8;20;4;6;23;12;19;7;6;15
46;4;14;8;7;5;4;6;13;8;11;12;19;3;3;19;12;17;6;7;18
47;1;15;8;10;2;4;8;8;7;15;8;17;3;7;18;12;16;10;5;18
48;0;12;8;13;1;4;5;9;7;11;17;26;2;5;19;6;14;10;11;31
49;0;11;8;9;0;3;2;9;5;14;12;25;4;5;16;14;15;9;12;25
50;0;15;9;6;0;5;2;9;4;13;15;20;3;5;17;10;15;9;15;24
51;0;16;11;6;0;6;2;7;3;12;8;18;2;5;16;10;14;4;6;23
52;0;19;7;5;0;7;1;8;5;11;8;21;3;6;19;10;18;4;8;20
53;0;18;7;8;0;2;1;9;10;12;11;23;2;6;15;11;21;4;11;16
54;0;20;6;4;0;5;2;10;9;11;7;24;2;7;12;10;17;5;12;15
55;0;18;6;3;0;5;2;8;9;9;8;22;2;7;21;8;18;2;9;12
56;0;14;9;3;0;6;2;7;9;9;7;26;2;9;22;11;18;3;9;11
57;0;18;8;2;0;2;2;7;10;12;7;21;4;9;15;7;18;2;11;12
58;0;13;8;1;0;1;1;8;13;12;6;28;3;9;23;8;17;2;9;16
59;0;12;7;1;0;1;1;9;12;11;6;27;2;8;16;11;20;6;8;15
60;0;10;7;1;0;1;1;8;11;11;8;28;2;6;12;6;21;2;8;18
61;0;13;7;1;0;1;4;8;11;13;10;23;3;7;10;5;14;4;5;12
62;0;15;7;1;0;1;4;11;15;15;10;23;2;10;12;5;11;6;6;10
63;0;15;6;1;0;2;2;11;12;10;9;26;3;10;11;4;13;4;7;11
64;0;11;6;1;0;2;2;7;8;12;6;23;5;13;13;5;10;4;5;10
65;0;20;7;0;0;1;2;4;11;12;6;21;4;11;15;5;11;6;8;8
66;0;17;6;0;0;1;0;3;10;13;7;19;2;7;18;5;6;6;17;6
67;0;11;5;0;0;2;0;3;12;13;4;22;2;5;18;5;4;7;9;4
68;0;8;9;0;0;1;0;2;11;11;5;15;2;4;14;5;4;2;13;7
69;0;7;7;0;0;2;0;3;13;8;3;18;2;10;17;5;4;4;13;4
70;0;6;6;0;0;1;0;3;11;10;3;13;2;11;11;6;4;4;12;8
71;0;6;5;0;0;2;0;5;9;9;3;15;2;8;8;8;4;4;12;6
72;0;6;5;0;0;1;0;6;3;11;3;12;2;7;5;4;4;2;10;5
73;0;10;5;0;0;1;0;3;7;7;3;14;3;4;6;5;3;2;10;5
74;0;8;4;0;0;1;0;2;9;10;3;18;2;3;9;8;3;2;16;4
75;0;7;4;0;0;1;0;3;5;9;2;16;2;1;5;7;3;1;12;3
76;0;7;4;0;0;1;0;2;5;11;1;15;2;1;6;9;2;1;11;5
77;0;7;3;0;0;0;0;3;4;13;1;11;2;2;2;9;2;1;8;5
78;0;9;3;0;0;0;0;4;3;12;1;6;2;2;1;8;3;1;8;5
79;0;6;3;0;0;0;0;3;2;7;1;5;2;2;1;5;3;2;5;2
80;0;8;3;0;0;0;0;3;2;8;1;5;1;4;2;5;4;2;5;1
81;0;7;3;0;0;0;0;5;2;8;1;4;1;3;2;6;5;2;6;2
82;0;6;3;0;0;0;0;4;0;11;1;4;1;3;1;4;5;1;8;2
83;0;5;3;0;0;0;0;5;0;10;1;4;1;3;2;4;3;1;7;1
84;0;7;3;0;0;0;0;4;0;9;1;4;1;4;1;3;4;1;6;3
85;0;7;3;0;0;0;0;3;0;12;1;5;1;1;2;3;3;1;6;1
86;0;7;3;0;0;0;0;3;0;9;1;4;1;3;3;4;3;1;4;1
87;0;5;4;0;0;0;0;3;0;7;1;5;1;3;3;4;3;1;5;1
88;0;5;3;0;0;0;0;6;0;7;1;4;1;2;2;3;4;1;2;1
89;0;5;3;0;0;0;0;2;0;7;2;3;1;1;6;5;2;1;3;2
90;0;5;3;0;0;0;0;2;0;9;1;2;1;2;3;4;5;2;2;2
91;0;5;2;0;0;0;0;3;0;7;1;1;1;2;1;3;5;1;2;1
92;0;6;1;0;0;0;0;2;0;9;1;1;1;1;1;2;5;0;3;1
93;0;5;1;0;0;0;1;4;0;5;1;1;1;2;1;3;4;0;6;1
94;0;3;1;0;0;0;0;4;0;6;1;1;1;2;2;5;2;0;3;1
95;0;2;1;0;0;0;0;2;0;4;1;1;1;3;2;3;3;0;4;0
96;0;2;1;0;0;0;0;2;0;3;0;1;1;3;1;1;3;0;2;0
97;0;2;1;0;0;0;0;3;0;3;0;1;1;1;0;0;3;0;1;0
98;0;2;1;0;0;0;0;3;0;4;0;0;1;1;0;0;5;0;1;0
99;0;2;1;0;0;0;1;2;0;3;0;0;1;2;1;0;2;0;1;0
100;0;2;1;0;0;0;0;2;0;6;0;0;1;1;1;0;2;0;2;0
101;0;2;1;0;0;0;0;2;0;2;0;0;1;3;0;0;1;0;2;0
102;0;4;1;0;0;0;0;2;0;2;0;0;1;4;0;0;2;0;2;0
103;0;4;1;0;0;0;0;2;0;2;0;0;1;3;0;0;1;0;5;0
104;0;2;1;0;0;0;0;2;0;3;0;0;1;2;0;0;1;0;5;0
105;0;2;1;0;0;0;1;2;0;2;0;0;1;1;0;0;1;0;4;0
106;0;2;2;0;0;0;0;1;0;2;0;0;1;0;0;0;1;0;6;0
107;0;0;1;0;0;0;0;4;0;1;0;0;1;0;0;0;1;0;5;0
108;0;0;1;0;0;0;0;4;0;1;0;0;1;0;0;0;1;0;3;0
109;0;0;1;0;0;0;0;3;0;1;0;0;1;0;0;0;1;0;4;0
110;0;0;1;1;0;0;0;3;0;1;0;0;1;0;0;0;1;0;3;0
111;0;0;1;0;0;0;0;2;0;1;0;0;1;0;0;0;1;0;4;0
112;0;0;1;0;0;0;0;3;0;1;0;0;1;0;0;0;0;0;3;0
113;0;0;1;0;0;0;0;5;0;2;0;0;1;0;0;0;0;0;4;0
114;0;0;1;0;0;0;0;3;0;1;0;0;1;0;0;0;0;0;5;0
115;0;0;1;0;0;0;0;4;0;0;0;0;0;0;0;0;0;0;6;0
116;0;0;1;0;0;0;0;5;0;0;0;0;0;0;0;0;0;0;5;0
117;0;0;0;0;0;0;0;6;0;0;0;0;0;0;0;0;0;0;3;0
118;0;0;0;0;0;0;0;6;0;0;0;0;0;0;0;0;0;0;5;0
119;0;0;0;0;0;0;0;6;0;0;0;0;0;0;0;0;0;0;4;0
120;0;0;0;0;0;0;0;2;0;0;0;0;0;0;0;0;0;0;2;0
121;0;0;0;0;0;0;0;7;0;0;0;0;0;0;0;0;0;0;1;0
122;0;0;0;0;0;0;0;5;0;0;0;0;0;0;0;0;0;0;1;0
123;0;0;0;0;0;0;0;4;0;0;0;0;0;0;0;0;0;0;1;0
124;0;0;0;0;0;0;0;2;0;0;0;0;0;0;0;0;0;0;0;0
125;0;0;0;0;0;0;0;2;0;0;0;0;0;0;0;0;0;0;0;0
126;0;0;0;0;0;0;0;1;0;0;0;0;0;0;0;0;0;0;0;0
127;0;0;0;0;0;0;0;1;0;0;0;0;0;0;0;0;0;0;0;0
128;0;0;0;0;0;0;0;1;0;0;0;0;0;0;0;0;0;0;0;0
129;0;0;0;0;0;0;0;1;0;0;0;0;0;0;0;0;0;0;0;0
130;0;0;0;0;0;0;0;2;0;0;0;0;0;0;0;0;0;0;0;0
131;0;0;0;0;0;0;0;1;0;0;0;0;0;0;0;0;0;0;0;0
132;0;0;0;0;0;0;0;1;0;0;0;0;0;0;0;1;0;0;0;0
133;0;0;0;0;0;0;0;0;0;0;0;0;0;0;0;0;0;0;0;0
134;0;0;0;0;0;0;0;0;0;0;0;0;0;0;0;0;0;0;0;0
135;0;0;0;0;0;0;0;0;0;0;0;0;0;0;0;0;0;0;0;0
136;0;0;0;0;0;0;0;0;0;0;0;0;0;0;0;0;0;0;0;0
137;0;0;0;0;0;0;0;0;0;0;0;0;0;0;0;0;0;0;0;0
138;0;0;0;0;0;0;0;0;0;0;0;0;0;0;0;0;0;0;0;0
139;0;0;0;0;0;0;0;0;0;0;0;0;0;0;0;0;0;0;0;0
0;0;0;0;0;0;0;0;0;0;0;0;0;0;0;0;0;0;0;0;0
0;0;0;0;0;0;0;0;0;0;0;0;0;0;0;0;0;0;0;0;0
0;0;0;0;0;0;0;0;0;0;0;0;0;0;0;0;0;0;0;0;0
0;0;0;0;0;0;0;0;0;0;0;0;0;0;0;0;0;0;0;0;0
0;0;0;0;0;0;0;0;0;0;0;0;0;0;0;0;0;0;0;0;0
0;0;0;0;0;0;0;0;0;0;0;0;0;0;0;0;0;0;0;0;0
0;0;0;0;0;0;0;0;0;0;0;0;0;0;0;0;0;0;0;0;0
0;0;0;0;0;0;0;0;0;0;0;0;0;0;0;0;0;0;0;0;0
0;0;0;0;0;0;0;0;0;0;0;0;0;0;0;0;0;0;0;0;0
0;0;0;0;0;0;0;0;0;0;0;0;0;0;0;0;0;0;0;0;0
0;0;0;0;0;0;0;0;0;0;0;0;0;0;0;0;0;0;0;0;0
